-- Run this ONLY if schema + categories already loaded but menu_items failed.
-- (Fixes invalid UUID prefix: m1000001 → a1000001)

-- Sample menu items (Menu section)
INSERT INTO menu_items (id, category_id, name, description, price, has_roll_options, sort_order) VALUES
  ('a1000001-0000-0000-0000-000000000001', 'c1000001-0000-0000-0000-000000000001', 'EBI Nigiri / Sashimi', 'Shrimp — 2 pc nigiri or 3 pc sashimi', 5.50, false, 1),
  ('a1000001-0000-0000-0000-000000000002', 'c1000001-0000-0000-0000-000000000001', 'SAKE Nigiri / Sashimi', 'Salmon — 2 pc nigiri or 3 pc sashimi', 7.00, false, 2),
  ('a1000001-0000-0000-0000-000000000003', 'c1000001-0000-0000-0000-000000000001', 'MAGURO Nigiri / Sashimi', 'Red Tuna — 2 pc nigiri or 3 pc sashimi', 7.50, false, 3),
  ('a1000001-0000-0000-0000-000000000004', 'c1000001-0000-0000-0000-000000000002', 'KAPPA MAKI', '6 pcs — Cucumber', 6.00, true, 1),
  ('a1000001-0000-0000-0000-000000000005', 'c1000001-0000-0000-0000-000000000002', 'AVOCADO MAKI', '6 pcs', 7.50, true, 2),
  ('a1000001-0000-0000-0000-000000000006', 'c1000001-0000-0000-0000-000000000002', 'VEGETABLE DRAGON MAKI', '8 pcs — Sweet potato, cucumber, topped with avocado & grilled veggies', 14.00, true, 3),
  ('a1000001-0000-0000-0000-000000000007', 'c1000001-0000-0000-0000-000000000003', 'EDAMAME', 'Steamed soybeans', 7.00, false, 1),
  ('a1000001-0000-0000-0000-000000000008', 'c1000001-0000-0000-0000-000000000003', 'AGEDASHI TOFU', 'Deep-fried tofu in dashi broth', 8.00, false, 2),
  ('a1000001-0000-0000-0000-000000000009', 'c1000001-0000-0000-0000-000000000003', 'SHRIMP TEMPURA', '5 pcs', 10.00, false, 3),
  ('a1000001-0000-0000-0000-00000000000a', 'c1000001-0000-0000-0000-000000000004', 'SALMON PIZZA', 'Crispy rice base with salmon', 12.50, false, 1),
  ('a1000001-0000-0000-0000-00000000000b', 'c1000001-0000-0000-0000-000000000005', 'MISO SOUP', 'Traditional miso soup', 3.00, false, 1),
  ('a1000001-0000-0000-0000-00000000000c', 'c1000001-0000-0000-0000-000000000005', 'WAKAME SALAD', 'Japanese seaweed salad', 7.00, false, 2),
  ('a1000001-0000-0000-0000-00000000000d', 'c1000001-0000-0000-0000-000000000006', 'CALIFORNIA MAKI', '6 pcs — Crab, avocado, cucumber', 8.50, true, 1),
  ('a1000001-0000-0000-0000-00000000000e', 'c1000001-0000-0000-0000-000000000006', 'SPICY SALMON MAKI', '6 pcs — Salmon, avocado, spicy mayo', 9.00, true, 2),
  ('a1000001-0000-0000-0000-00000000000f', 'c1000001-0000-0000-0000-000000000006', 'SPIDER MAKI', '8 pcs — Softshell crab, cucumber, avocado', 14.00, true, 3),
  ('a1000001-0000-0000-0000-000000000010', 'c1000001-0000-0000-0000-000000000007', 'DRAGON ROLL', 'Cucumber, avocado, shrimp + your topping choice', 13.00, true, 1),
  ('a1000001-0000-0000-0000-000000000011', 'c1000001-0000-0000-0000-000000000007', 'ROCK''N ROLL', 'Cucumber, avocado, lobster tail. Topped with fried ginger, green onion, garlic', 16.50, true, 2),
  ('a1000001-0000-0000-0000-000000000012', 'c1000001-0000-0000-0000-000000000007', 'CLOUD NINE', 'Avocado, cream cheese, asparagus. Topped with smoked salmon', 15.50, true, 3),
  ('a1000001-0000-0000-0000-000000000013', 'c1000001-0000-0000-0000-000000000008', 'SUSHI MORIAWASE', 'Nigiri, sashimi, maki combo', 21.00, false, 1),
  ('a1000001-0000-0000-0000-000000000014', 'c1000001-0000-0000-0000-000000000008', 'SUSHI-RO BOAT FOR 2', '14 maki, 10 nigiri, 10 sashimi', 65.00, false, 2),
  ('a1000001-0000-0000-0000-000000000015', 'c1000001-0000-0000-0000-000000000009', 'TONKOTSU RAMEN', 'Rich pork bone broth ramen', 17.00, false, 1),
  ('a1000001-0000-0000-0000-000000000016', 'c1000001-0000-0000-0000-00000000000a', 'SALMON TERIYAKI BENTO', 'Salmon teriyaki with rice and sides', 17.50, false, 1),
  ('a1000001-0000-0000-0000-000000000017', 'c1000001-0000-0000-0000-00000000000b', 'MATCHA TIRAMISU', 'Green tea tiramisu', 5.50, false, 1);

INSERT INTO menu_items (id, category_id, name, description, price, has_roll_options, sort_order) VALUES
  ('a2000001-0000-0000-0000-000000000001', 'c2000001-0000-0000-0000-000000000001', 'SAKE OR TEKKA MAKI (GF)', '6 pcs — Salmon or Red Tuna (+$1 for tuna)', 7.50, true, 1),
  ('a2000001-0000-0000-0000-000000000002', 'c2000001-0000-0000-0000-000000000001', 'SPICY SALMON MAKI (GF)', '6 pcs — Salmon, avocado, spicy mayo', 9.00, true, 2),
  ('a2000001-0000-0000-0000-000000000003', 'c2000001-0000-0000-0000-000000000002', 'KAPPA MAKI (GF)', '6 pcs — Cucumber', 6.00, true, 1),
  ('a2000001-0000-0000-0000-000000000004', 'c2000001-0000-0000-0000-000000000003', 'EDAMAME (GF)', 'Steamed soybeans', 7.00, false, 1),
  ('a2000001-0000-0000-0000-000000000005', 'c2000001-0000-0000-0000-000000000004', 'DRAGON WITH YOUR TOPPING (GF)', 'Cucumber, avocado, shrimp + topping', 14.00, true, 1),
  ('a2000001-0000-0000-0000-000000000006', 'c2000001-0000-0000-0000-000000000004', 'FUJI MOUNTAIN (GF)', 'Cucumber, avocado, salmon, spicy mayo', 14.00, true, 2),
  ('a2000001-0000-0000-0000-000000000007', 'c2000001-0000-0000-0000-000000000005', 'SUSHI MORIAWASE (GF)', 'Nigiri, sashimi, maki combo', 21.00, false, 1);

INSERT INTO menu_item_options (menu_item_id, menu_option_id)
SELECT mi.id, mo.id
FROM menu_items mi
CROSS JOIN menu_options mo
WHERE mi.has_roll_options = true;

INSERT INTO menu_item_labels (menu_item_id, label_id) VALUES
  ('a1000001-0000-0000-0000-000000000004', '22222222-2222-2222-2222-222222222201'),
  ('a1000001-0000-0000-0000-000000000005', '22222222-2222-2222-2222-222222222201'),
  ('a1000001-0000-0000-0000-000000000007', '22222222-2222-2222-2222-222222222201'),
  ('a1000001-0000-0000-0000-00000000000e', '22222222-2222-2222-2222-222222222204'),
  ('a1000001-0000-0000-0000-000000000010', '22222222-2222-2222-2222-222222222204'),
  ('a1000001-0000-0000-0000-000000000011', '22222222-2222-2222-2222-222222222204'),
  ('a1000001-0000-0000-0000-000000000012', '22222222-2222-2222-2222-222222222203'),
  ('a1000001-0000-0000-0000-000000000012', '22222222-2222-2222-2222-222222222204');

INSERT INTO featured_items (menu_item_id, sort_order) VALUES
  ('a1000001-0000-0000-0000-000000000010', 1),
  ('a1000001-0000-0000-0000-000000000011', 2),
  ('a1000001-0000-0000-0000-00000000000e', 3),
  ('a1000001-0000-0000-0000-000000000014', 4),
  ('a1000001-0000-0000-0000-000000000015', 5);
