-- Menu choice refinements for bento, nigiri/sashimi, and item-specific add-ons.

UPDATE categories
SET description = 'Chef-selected assortments and shareable trays for groups.'
WHERE slug IN ('moriawase-tray', 'moriawase');

UPDATE categories
SET description = 'Complete bento meals served with rice, grilled vegetables, orange, and selected sides.'
WHERE slug = 'bento-box';

INSERT INTO menu_options (id, name, price_modifier, sort_order) VALUES
  ('33333333-3333-3333-3333-333333333401', '2 pcs Nigiri', 0.00, 10),
  ('33333333-3333-3333-3333-333333333402', '3 pcs Sashimi', 2.00, 11),
  ('33333333-3333-3333-3333-333333333403', '3 pcs Sashimi', 1.50, 11),
  ('33333333-3333-3333-3333-333333333404', '3 pcs Sashimi', 0.50, 11),
  ('33333333-3333-3333-3333-333333333405', '3 pcs Sashimi', 3.00, 11),
  ('33333333-3333-3333-3333-333333333406', '3 pcs Sashimi', 2.50, 11),
  ('33333333-3333-3333-3333-333333333407', '3 pcs Sashimi', 3.50, 11),
  ('33333333-3333-3333-3333-333333333408', '3 pcs Sashimi', 1.50, 11),
  ('33333333-3333-3333-3333-333333333501', 'Chicken Teriyaki', 17.00, 20),
  ('33333333-3333-3333-3333-333333333502', 'Beef Teriyaki', 18.00, 21),
  ('33333333-3333-3333-3333-333333333503', 'Salmon Teriyaki', 17.50, 22),
  ('33333333-3333-3333-3333-333333333504', 'Shrimp Teriyaki', 18.00, 23),
  ('33333333-3333-3333-3333-333333333505', 'Chicken cutlet with spicy sauce', 17.00, 24),
  ('33333333-3333-3333-3333-333333333506', 'Pork cutlet with spicy sauce', 17.00, 25),
  ('33333333-3333-3333-3333-333333333507', 'Fish Cutlet with spicy sauce', 17.50, 26),
  ('33333333-3333-3333-3333-333333333508', 'Unagi', 18.50, 27),
  ('33333333-3333-3333-3333-333333333509', 'Grilled Mackerel', 19.00, 28),
  ('33333333-3333-3333-3333-333333333601', 'Maki (3 California and 3 BBQ Salmon)', 0.00, 30),
  ('33333333-3333-3333-3333-333333333602', 'Tempura (3 vegetables and 1 Shrimp)', 0.00, 31),
  ('33333333-3333-3333-3333-333333333603', 'Vegetable Gyoza', 0.00, 32),
  ('33333333-3333-3333-3333-333333333604', 'Vegetable Spring Roll', 0.00, 33)
ON CONFLICT (id) DO UPDATE SET
  name = EXCLUDED.name,
  price_modifier = EXCLUDED.price_modifier,
  sort_order = EXCLUDED.sort_order;

INSERT INTO menu_items (id, category_id, name, description, price, is_available, has_roll_options, sort_order) VALUES
  ('a1000001-0000-0000-0000-000000000001', 'c1000001-0000-0000-0000-000000000001', 'EBI', 'Shrimp', 5.50, true, false, 1),
  ('a1000001-0000-0000-0000-000000000018', 'c1000001-0000-0000-0000-000000000001', 'TAI', 'Snapper', 6.50, true, false, 2),
  ('a1000001-0000-0000-0000-000000000019', 'c1000001-0000-0000-0000-000000000001', 'IKA', 'Squid', 7.00, true, false, 3),
  ('a1000001-0000-0000-0000-00000000001a', 'c1000001-0000-0000-0000-000000000001', 'TAKO', 'Octopus', 7.00, true, false, 4),
  ('a1000001-0000-0000-0000-000000000002', 'c1000001-0000-0000-0000-000000000001', 'SAKE', 'Salmon', 7.00, true, false, 5),
  ('a1000001-0000-0000-0000-00000000001b', 'c1000001-0000-0000-0000-000000000001', 'ESCOLAR', 'Butter Fish', 7.00, true, false, 6),
  ('a1000001-0000-0000-0000-00000000001c', 'c1000001-0000-0000-0000-000000000001', 'SABA', 'Mackerel', 7.00, true, false, 7),
  ('a1000001-0000-0000-0000-00000000001d', 'c1000001-0000-0000-0000-000000000001', 'HOKIGAI', 'Surf Clam', 7.50, true, false, 8),
  ('a1000001-0000-0000-0000-00000000001e', 'c1000001-0000-0000-0000-000000000001', 'ALBACORE', 'White Tuna', 7.50, true, false, 9),
  ('a1000001-0000-0000-0000-00000000001f', 'c1000001-0000-0000-0000-000000000001', 'HOTATE', 'Scallop', 7.50, true, false, 10),
  ('a1000001-0000-0000-0000-000000000003', 'c1000001-0000-0000-0000-000000000001', 'MAGURO', 'Red Tuna', 7.50, true, false, 11),
  ('a1000001-0000-0000-0000-000000000020', 'c1000001-0000-0000-0000-000000000001', 'UNAGI', 'BBQ Eel', 7.50, true, false, 12),
  ('a1000001-0000-0000-0000-000000000021', 'c1000001-0000-0000-0000-000000000001', 'HAMACHI', 'Yellow Tail', 7.50, true, false, 13),
  ('a1000001-0000-0000-0000-000000000022', 'c1000001-0000-0000-0000-000000000001', 'MASAGO', 'Capelin Roe', 7.00, true, false, 14),
  ('a1000001-0000-0000-0000-000000000023', 'c1000001-0000-0000-0000-000000000001', 'TOBIKO', 'Flying Fish Roe', 7.50, true, false, 15),
  ('a1000001-0000-0000-0000-000000000024', 'c1000001-0000-0000-0000-000000000001', 'IKURA', 'Salmon Roe', 13.50, true, false, 16),
  ('a1000001-0000-0000-0000-000000000016', 'c1000001-0000-0000-0000-00000000000a', 'BENTO BOX', 'Includes rice, grilled veggie, orange, choice of your meat and side', 0.00, true, false, 1),
  ('a1000001-0000-0000-0000-000000000025', 'c1000001-0000-0000-0000-00000000000a', 'VEGGIE BENTO', 'Rice, grilled veggie, orange, vegetable tempura and agedashi tofu', 17.00, true, false, 2)
ON CONFLICT (id) DO UPDATE SET
  category_id = EXCLUDED.category_id,
  name = EXCLUDED.name,
  description = EXCLUDED.description,
  price = EXCLUDED.price,
  is_available = EXCLUDED.is_available,
  has_roll_options = EXCLUDED.has_roll_options,
  sort_order = EXCLUDED.sort_order;

DELETE FROM menu_item_options
WHERE menu_option_id = '33333333-3333-3333-3333-333333333301'
  AND menu_item_id <> 'a1000001-0000-0000-0000-00000000000d';

DELETE FROM menu_item_options
WHERE menu_option_id = '33333333-3333-3333-3333-333333333303'
  AND menu_item_id NOT IN (
    'a1000001-0000-0000-0000-000000000007',
    'a1000001-0000-0000-0000-00000000000b'
  );

DELETE FROM menu_item_options
WHERE menu_item_id IN (
  SELECT id FROM menu_items WHERE category_id = 'c1000001-0000-0000-0000-000000000001'
)
OR menu_item_id IN (
  'a1000001-0000-0000-0000-000000000016',
  'a1000001-0000-0000-0000-000000000025'
);

INSERT INTO menu_item_options (menu_item_id, menu_option_id) VALUES
  ('a1000001-0000-0000-0000-00000000000d', '33333333-3333-3333-3333-333333333301'),
  ('a1000001-0000-0000-0000-000000000007', '33333333-3333-3333-3333-333333333303'),
  ('a1000001-0000-0000-0000-00000000000b', '33333333-3333-3333-3333-333333333303'),
  ('a1000001-0000-0000-0000-000000000016', '33333333-3333-3333-3333-333333333501'),
  ('a1000001-0000-0000-0000-000000000016', '33333333-3333-3333-3333-333333333502'),
  ('a1000001-0000-0000-0000-000000000016', '33333333-3333-3333-3333-333333333503'),
  ('a1000001-0000-0000-0000-000000000016', '33333333-3333-3333-3333-333333333504'),
  ('a1000001-0000-0000-0000-000000000016', '33333333-3333-3333-3333-333333333505'),
  ('a1000001-0000-0000-0000-000000000016', '33333333-3333-3333-3333-333333333506'),
  ('a1000001-0000-0000-0000-000000000016', '33333333-3333-3333-3333-333333333507'),
  ('a1000001-0000-0000-0000-000000000016', '33333333-3333-3333-3333-333333333508'),
  ('a1000001-0000-0000-0000-000000000016', '33333333-3333-3333-3333-333333333509'),
  ('a1000001-0000-0000-0000-000000000016', '33333333-3333-3333-3333-333333333601'),
  ('a1000001-0000-0000-0000-000000000016', '33333333-3333-3333-3333-333333333602'),
  ('a1000001-0000-0000-0000-000000000016', '33333333-3333-3333-3333-333333333603'),
  ('a1000001-0000-0000-0000-000000000016', '33333333-3333-3333-3333-333333333604'),
  ('a1000001-0000-0000-0000-000000000001', '33333333-3333-3333-3333-333333333401'),
  ('a1000001-0000-0000-0000-000000000001', '33333333-3333-3333-3333-333333333402'),
  ('a1000001-0000-0000-0000-000000000018', '33333333-3333-3333-3333-333333333401'),
  ('a1000001-0000-0000-0000-000000000018', '33333333-3333-3333-3333-333333333403'),
  ('a1000001-0000-0000-0000-000000000019', '33333333-3333-3333-3333-333333333401'),
  ('a1000001-0000-0000-0000-000000000019', '33333333-3333-3333-3333-333333333404'),
  ('a1000001-0000-0000-0000-00000000001a', '33333333-3333-3333-3333-333333333401'),
  ('a1000001-0000-0000-0000-00000000001a', '33333333-3333-3333-3333-333333333402'),
  ('a1000001-0000-0000-0000-000000000002', '33333333-3333-3333-3333-333333333401'),
  ('a1000001-0000-0000-0000-000000000002', '33333333-3333-3333-3333-333333333405'),
  ('a1000001-0000-0000-0000-00000000001b', '33333333-3333-3333-3333-333333333401'),
  ('a1000001-0000-0000-0000-00000000001b', '33333333-3333-3333-3333-333333333405'),
  ('a1000001-0000-0000-0000-00000000001c', '33333333-3333-3333-3333-333333333401'),
  ('a1000001-0000-0000-0000-00000000001c', '33333333-3333-3333-3333-333333333405'),
  ('a1000001-0000-0000-0000-00000000001d', '33333333-3333-3333-3333-333333333401'),
  ('a1000001-0000-0000-0000-00000000001d', '33333333-3333-3333-3333-333333333406'),
  ('a1000001-0000-0000-0000-00000000001e', '33333333-3333-3333-3333-333333333401'),
  ('a1000001-0000-0000-0000-00000000001e', '33333333-3333-3333-3333-333333333405'),
  ('a1000001-0000-0000-0000-00000000001f', '33333333-3333-3333-3333-333333333401'),
  ('a1000001-0000-0000-0000-00000000001f', '33333333-3333-3333-3333-333333333407'),
  ('a1000001-0000-0000-0000-000000000003', '33333333-3333-3333-3333-333333333401'),
  ('a1000001-0000-0000-0000-000000000003', '33333333-3333-3333-3333-333333333407'),
  ('a1000001-0000-0000-0000-000000000020', '33333333-3333-3333-3333-333333333401'),
  ('a1000001-0000-0000-0000-000000000020', '33333333-3333-3333-3333-333333333403'),
  ('a1000001-0000-0000-0000-000000000021', '33333333-3333-3333-3333-333333333401'),
  ('a1000001-0000-0000-0000-000000000021', '33333333-3333-3333-3333-333333333407'),
  ('a1000001-0000-0000-0000-000000000022', '33333333-3333-3333-3333-333333333401'),
  ('a1000001-0000-0000-0000-000000000022', '33333333-3333-3333-3333-333333333403'),
  ('a1000001-0000-0000-0000-000000000023', '33333333-3333-3333-3333-333333333401'),
  ('a1000001-0000-0000-0000-000000000023', '33333333-3333-3333-3333-333333333403'),
  ('a1000001-0000-0000-0000-000000000024', '33333333-3333-3333-3333-333333333401'),
  ('a1000001-0000-0000-0000-000000000024', '33333333-3333-3333-3333-333333333408')
ON CONFLICT DO NOTHING;
